upload_year_month,youtube,tiktok,total
2008-06,1,0,1
2008-11,4,0,4
2008-12,2,0,2
2009-05,1,0,1
2009-11,7,0,7
2010-02,2,0,2
2010-04,2,0,2
2010-07,1,0,1
2010-11,1,0,1
2011-02,14,0,14
2011-03,1,0,1
2011-07,1,0,1
2011-09,1,0,1
2011-12,1,0,1
2012-01,3,0,3
2012-06,1,0,1
2012-07,2,0,2
2012-10,2,0,2
2013-03,1,0,1
2013-04,1,0,1
2013-05,3,0,3
2013-06,1,0,1
2013-07,3,0,3
2013-09,1,0,1
2013-10,1,0,1
2013-11,1,0,1
2014-01,13,0,13
2014-02,1,0,1
2014-03,1,0,1
2014-06,1,0,1
2014-07,1,0,1
2014-08,7,0,7
2014-10,2,0,2
2014-11,2,0,2
2015-01,2,0,2
2015-02,2,0,2
2015-03,2,0,2
2015-04,6,0,6
2015-09,2,0,2
2015-10,3,0,3
2015-12,1,0,1
2016-02,1,0,1
2016-03,6,0,6
2016-04,25,0,25
2016-05,1,0,1
2016-07,2,0,2
2016-08,2,0,2
2016-09,3,0,3
2016-11,1,0,1
2016-12,1,0,1
2017-01,2,0,2
2017-02,2,0,2
2017-03,3,0,3
2017-04,1,0,1
2017-06,2,0,2
2017-07,5,0,5
2017-08,3,0,3
2017-09,3,0,3
2017-10,2,0,2
2017-11,1,0,1
2017-12,4,0,4
2018-01,2,0,2
2018-02,4,0,4
2018-03,1,0,1
2018-04,3,0,3
2018-07,3,0,3
2018-08,1,0,1
2018-09,1,0,1
2018-11,3,0,3
2018-12,3,0,3
2019-02,2,0,2
2019-03,2,0,2
2019-05,2,0,2
2019-06,3,0,3
2019-08,1,0,1
2019-10,6,0,6
2019-11,2,0,2
2019-12,3,0,3
2020-02,3,0,3
2020-03,5,0,5
2020-04,3,0,3
2020-05,4,0,4
2020-06,1,0,1
2020-07,8,0,8
2020-08,1,0,1
2020-10,5,0,5
2020-11,6,2,8
2020-12,12,1,13
2021-02,2,0,2
2021-03,2,1,3
2021-04,3,0,3
2021-05,1,1,2
2021-06,4,2,6
2021-07,5,0,5
2021-08,4,0,4
2021-09,6,0,6
2021-10,2,2,4
2021-11,1,2,3
2021-12,4,0,4
2022-01,1,3,4
2022-02,8,2,10
2022-03,1,4,5
2022-04,10,2,12
2022-05,4,1,5
2022-06,3,3,6
2022-07,8,1,9
2022-08,2,2,4
2022-09,0,3,3
2022-10,3,7,10
2022-11,6,2,8
2022-12,1,2,3
2023-01,7,10,17
2023-02,2,1,3
2023-03,2,3,5
2023-04,3,4,7
2023-05,12,2,14
2023-06,12,4,16
2023-07,4,4,8
2023-08,3,5,8
2023-09,5,7,12
2023-10,1,5,6
2023-11,1,4,5
2023-12,2,6,8
2024-01,2,5,7
2024-02,0,5,5
2024-03,1,4,5
2024-04,4,8,12
2024-05,1,6,7
2024-06,0,5,5
2024-07,6,7,13
2024-08,9,6,15
2024-09,0,4,4
2024-10,0,7,7
2024-11,4,5,9
2024-12,4,5,9
2025-01,5,6,11
2025-02,0,8,8
2025-03,3,5,8
2025-04,1,3,4
2025-05,4,3,7
2025-06,6,8,14
2025-07,4,7,11
2025-08,4,15,19
2025-09,2,7,9
2025-10,13,9,22
2025-11,10,17,27
2025-12,7,19,26
2026-01,11,25,36
2026-02,6,20,26
2026-03,10,44,54
2026-04,8,29,37
2026-05,3,27,30
2026-06,5,49,54
2026-07,3,38,41
2026-08,4,45,49
2026-09,2,70,72
2026-10,0,6,6
