platform,kind,value,title,creator,url
youtube,most viewed,15470275.0,Choking Baby Saved by Stranger’s Lifevac Device,Inside Edition,https://www.youtube.com/watch?v=aQzGPDnJqmc
youtube,most viewed,9156947.0,Recognize to Recover - CPR and AED Training,U.S. Soccer,https://www.youtube.com/watch?v=W4KjYC51B-c
youtube,most viewed,6064241.0,Child Rescue Breathing,ProCPR,https://www.youtube.com/watch?v=Xu9WTPOCxwU
youtube,most viewed,5832333.0,CPR / AED Emergency Response Refresher,Action First Aid,https://www.youtube.com/watch?v=msRft-g-k_s
youtube,most viewed,4807751.0,How to do CPR on an Adult (Ages 12 and Older),Cincinnati Children's,https://www.youtube.com/watch?v=-NodDRTsV88
youtube,longest,9230.0,Pediatric BLS & PALS | Basic & Advanced Life Support in Children | #Mediversal Academy,Mediversal Academy,https://www.youtube.com/watch?v=m8XiyX1M_G8
youtube,longest,5195.0,ERC Guidelines 2025 Launch: Paediatric Basic Life Support – Topical Concurrent Discussion,ERC - European Resuscitation Council,https://www.youtube.com/watch?v=bHsqALpIwwc
youtube,longest,3819.0,Neonatal Resuscitation - MRCOG Part 3 Tasks,Sorour Ghandour,https://www.youtube.com/watch?v=guwJPm71tas
youtube,longest,3722.0,ERC Guidelines 2025 Launch: Neonatal Resuscitation#cpr #resuscitation,ERC - European Resuscitation Council,https://www.youtube.com/watch?v=oLU3vSnPN8E
youtube,longest,3613.0,"Neonatal Resuscitation, Birth Asphyxia | MBBS 4th Year | Farre Series | Dr. Divya Ma'am | ",PW MedEd,https://www.youtube.com/watch?v=K3toQCVhiNU
tiktok,most viewed,108309046.0,"Newborn Resuscitation Step by Step | Initial Care, Suction, RBS & Temperature Check #Newbo",Linda,https://www.tiktok.com/@linda1.79/video/7623623389042756878
tiktok,most viewed,23166261.0,Dramatic body camera footage captured the terrifying moment a police officer helped a chok,FOX 9 | KMSP,https://www.tiktok.com/@fox9mn/video/7501431145284799775
tiktok,most viewed,11010089.0,"Pentingnya ada ilmu di dada! ?? Tengah syok makan, tiba-tiba baby tersedak. Nasib baik ada",theAsianparent Shop MY,https://www.tiktok.com/@theasianparentmalaysia/video/7605778176832310540
tiktok,most viewed,9235790.0,A few seconds could save your child's life! ⚠️ ​Do you know the real difference between sa,drchristineaoun,https://www.tiktok.com/@drchristineaoun/video/7620836325037559048
tiktok,most viewed,7748111.0,Here's why mechanical CPR devices are becoming standard in EMS and hospitals 🫀 Manual ches,"Dr. David Abbasi, MD",https://www.tiktok.com/@drdavidabbasi/video/7652353596452850974
tiktok,longest,2305.47,"En este episodio analizamos a fondo las Guías AHA 2025 de Reanimación Pediátrica, explican",Omega Capacitaciones,https://www.tiktok.com/@omegacapacitaciones/video/7586369573516004626
tiktok,longest,738.0,When a Newborn Has No Respiration 😢 | Life-Saving NICU Resuscitation #NeonatalResuscitatio,Linda,https://www.tiktok.com/@linda1.79/video/7663092136031571214
tiktok,longest,575.88,RCP_Neonatal__Guía_Visual #RCPNeonatal #ReanimacionNeonatal #Neonatologia #Pediatria #Emer,Medic_video,https://www.tiktok.com/@medic_video3/video/7607684188409498898
tiktok,longest,545.72,Newborn Baby Resuscitation After Birth Asphyxia | NICU Emergency Care | Baby Stable Now 💖 ,Linda,https://www.tiktok.com/@linda1.79/video/7628759627697491213
tiktok,longest,513.83,every parent needs to learn this! this is a great step by step video on infant cpr. its lo,Pregnancy Baby Health,https://www.tiktok.com/@babynpregnancy/video/7376501097944403243
