platform,creator_id,creator_name,videos
tiktok,cpr.choice,CPR Choice,28
tiktok,tinyheartseducation,Tiny Hearts,15
tiktok,thenestcpr,Nurse Heidi at The Nest,11
tiktok,moayad.wishah,MoayadWishah,9
tiktok,my.familys.first,My Family’s First Aid,8
tiktok,thelifesafetypro,The Life Safety Pro,8
tiktok,btacllc,BTAC LLC,7
tiktok,momsafetytips,Sonmol Official,7
tiktok,willnice.familycare,Willnice FamilyCare,7
tiktok,dellapelleert,Dellapelle Emergency Response,6
youtube,UCNywVU8TPBXCVFZ96Y11BLQ,ProCPR,64
youtube,UC8bttiFPXgNqbJKsqXeRJWQ,Disque Foundation,21
youtube,UCZ57VW_m_r8mE977nI9g8Iw,British Red Cross,13
youtube,UCBoqIIUfIQe_VnqW3gKRDvQ,Online CPR Certification,12
youtube,UC0aMPje3ZACnQPKM_qzY0vw,American Red Cross,7
youtube,UCSC8V1ez4zt3rviyPWzk9Sg,Cincinnati Children's,7
youtube,UCWscq4DvIDEnwhXdr8aFI9Q,ProTrainings Europe Ltd,7
youtube,UC7hDpwJGGJci0IXYkpKFp5g,The Resuscitation Coach,6
youtube,UCLiWQk8JzhNRcNiDKk4dpaw,American Heart Association,6
youtube,UCMjeE4DusAj8NIaKjhMAQaQ,Heart2Heart CPR - First Aid 4 Real,6
