dataset,subtopic,videos,share_percent
main,choking,357,27.27
main,cpr,213,16.27
main,neonatal,108,8.25
main,aed,102,7.79
main,bls,86,6.57
main,rescue_breathing,54,4.13
main,airway_obstruction,48,3.67
main,combined,47,3.59
main,choking|combined,42,3.21
main,chest_compressions,39,2.98
main,chest_compressions|cpr,28,2.14
main,bls|cpr,18,1.38
main,choking|combined|cpr,16,1.22
main,cpr|neonatal,12,0.92
main,combined|cpr,11,0.84
confident,choking,306,26.22
confident,cpr,195,16.71
confident,neonatal,99,8.48
confident,aed,87,7.46
confident,bls,74,6.34
confident,rescue_breathing,50,4.28
confident,combined,43,3.68
confident,choking|combined,40,3.43
confident,airway_obstruction,38,3.26
confident,chest_compressions,36,3.08
confident,chest_compressions|cpr,27,2.31
confident,choking|combined|cpr,16,1.37
confident,bls|cpr,13,1.11
confident,cpr|neonatal,11,0.94
confident,cpr|rescue_breathing,11,0.94
main_creator_capped,choking,299,27.81
main_creator_capped,cpr,177,16.47
main_creator_capped,neonatal,101,9.4
main_creator_capped,aed,78,7.26
main_creator_capped,bls,74,6.88
main_creator_capped,airway_obstruction,47,4.37
main_creator_capped,combined,43,4.0
main_creator_capped,choking|combined,33,3.07
main_creator_capped,chest_compressions,33,3.07
main_creator_capped,rescue_breathing,32,2.98
main_creator_capped,chest_compressions|cpr,17,1.58
main_creator_capped,bls|cpr,16,1.49
main_creator_capped,cpr|neonatal,12,1.12
main_creator_capped,cpr|rescue_breathing,11,1.02
main_creator_capped,choking|combined|cpr,10,0.93
