dataset,language,videos,share_percent
main,en,1180,90.15
main,unknown,42,3.21
main,hi,27,2.06
main,es,19,1.45
main,pt,11,0.84
main,id,9,0.69
main,ar,6,0.46
main,th,4,0.31
main,ru,2,0.15
main,tl,1,0.08
main,tr,1,0.08
main,ms,1,0.08
main,de,1,0.08
main,ne,1,0.08
main,vi,1,0.08
confident,en,1056,90.49
confident,unknown,38,3.26
confident,hi,25,2.14
confident,es,16,1.37
confident,pt,10,0.86
confident,id,7,0.6
confident,ar,5,0.43
confident,th,2,0.17
confident,ru,2,0.17
confident,tr,1,0.09
confident,ne,1,0.09
confident,vi,1,0.09
confident,ko,1,0.09
confident,it,1,0.09
confident,fil,1,0.09
main_creator_capped,en,956,88.93
main_creator_capped,unknown,35,3.26
main_creator_capped,hi,27,2.51
main_creator_capped,es,19,1.77
main_creator_capped,pt,11,1.02
main_creator_capped,id,9,0.84
main_creator_capped,th,4,0.37
main_creator_capped,ar,4,0.37
main_creator_capped,ru,2,0.19
main_creator_capped,fil,1,0.09
main_creator_capped,tr,1,0.09
main_creator_capped,it,1,0.09
main_creator_capped,ko,1,0.09
main_creator_capped,tl,1,0.09
main_creator_capped,de,1,0.09
